Workbook

Sheet Normal Functions
A1: Excel Normal / Basic Functions Guide
A2: Yeh sheet daily use hone wale basic/normal Excel functions ke liye hai.
A4: Category | B4: Function | C4: Formula Syntax (Tarika) | D4: Purpose (Kaam) | E4: Example Formula | F4: Example Result
A5: Math & Basic | B5: SUM | C5: =SUM(number1, [number2], ...) | D5: Range ki saari values ka total (jod) nikalta hai. | E5: =SUM(C5:C14) | F5: =SUM('Data Sheet'!F5:F14)
A6: Math & Basic | B6: AVERAGE | C6: =AVERAGE(number1, [number2], ...) | D6: Values ka ausat (average) nikalta hai. | E6: =AVERAGE(C5:C14) | F6: =AVERAGE('Data Sheet'!F5:F14)
A7: Math & Basic | B7: COUNT | C7: =COUNT(value1, [value2], ...) | D7: Sirf numbers wali cells ko count karta hai. | E7: =COUNT(C5:C14) | F7: =COUNT('Data Sheet'!F5:F14)
A8: Math & Basic | B8: COUNTA | C8: =COUNTA(value1, [value2], ...) | D8: Har non-empty (jo khali na ho) cell count karta hai. | E8: =COUNTA(A5:A14) | F8: =COUNTA('Data Sheet'!A5:A14)
A9: Math & Basic | B9: COUNTBLANK | C9: =COUNTBLANK(range) | D9: Khali (empty) cells ko count karta hai. | E9: =COUNTBLANK(C5:C14) | F9: =COUNTBLANK('Data Sheet'!F5:F14)
A10: Math & Basic | B10: MIN | C10: =MIN(number1, [number2], ...) | D10: Sabse chhoti value nikalta hai. | E10: =MIN(C5:C14) | F10: =MIN('Data Sheet'!F5:F14)
A11: Math & Basic | B11: MAX | C11: =MAX(number1, [number2], ...) | D11: Sabse badi value nikalta hai. | E11: =MAX(C5:C14) | F11: =MAX('Data Sheet'!F5:F14)
A12: Math & Basic | B12: ROUND | C12: =ROUND(number, num_digits) | D12: Number ko decimals par round off karta hai. | E12: =ROUND(123.456, 2) | F12: =ROUND(123.456, 2)
A13: Logical | B13: IF | C13: =IF(logical_test, value_if_true, value_if_false) | D13: Shart (condition) ke basis par result deta hai. | E13: =IF(H5>=50, "Pass", "Fail") | F13: =IF('Data Sheet'!H5>=50, "Pass", "Fail")
A14: Text | B14: CONCAT / CONCATENATE | C14: =CONCAT(text1, [text2], ...) | D14: Multiple text values ko ek saath jodta hai. | E14: =CONCAT(B5, " ", C5) | F14: =CONCAT('Data Sheet'!B5, " ", 'Data Sheet'!C5)
A15: Text | B15: LEFT | C15: =LEFT(text, [num_chars]) | D15: Text ke left side se characters nikalta hai. | E15: =LEFT(A5, 3) | F15: =LEFT('Data Sheet'!A5, 3)
A16: Text | B16: RIGHT | C16: =RIGHT(text, [num_chars]) | D16: Text ke right side se characters nikalta hai. | E16: =RIGHT(A5, 3) | F16: =RIGHT('Data Sheet'!A5, 3)
A17: Text | B17: LEN | C17: =LEN(text) | D17: Text ki total length (characters) batata hai. | E17: =LEN(A5) | F17: =LEN('Data Sheet'!A5)
A18: Text | B18: UPPER | C18: =UPPER(text) | D18: Text ko CAPITAL letters mein karta hai. | E18: =UPPER(B5) | F18: =UPPER('Data Sheet'!B5)
A19: Text | B19: LOWER | C19: =LOWER(text) | D19: Text ko small letters mein karta hai. | E19: =LOWER(B5) | F19: =LOWER('Data Sheet'!B5)
A20: Text | B20: PROPER | C20: =PROPER(text) | D20: Har word ka pehla letter Capital karta hai. | E20: =PROPER(B5) | F20: =PROPER('Data Sheet'!B5)
A21: Date & Time | B21: TODAY | C21: =TODAY() | D21: Aaj ki date batata hai. | E21: =TODAY() | F21: =TODAY()
A22: Date & Time | B22: NOW | C22: =NOW() | D22: Aaj ki date aur abhi ka time batata hai. | E22: =NOW() | F22: =NOW()
A23: Date & Time | B23: YEAR | C23: =YEAR(serial_number) | D23: Date mein se Year alag karta hai. | E23: =YEAR(TODAY()) | F23: =YEAR(TODAY())
A24: Date & Time | B24: MONTH | C24: =MONTH(serial_number) | D24: Date mein se Month number alag karta hai. | E24: =MONTH(TODAY()) | F24: =MONTH(TODAY())

Sheet Advanced Functions
A1: Excel Advanced Functions Guide
A2: Yeh sheet complex automation, lookup, aur data analysis ke advanced functions ke liye hai.
A4: Category | B4: Function | C4: Formula Syntax (Tarika) | D4: Purpose (Kaam) | E4: Example Formula | F4: Example Result
A5: Advanced Lookup | B5: VLOOKUP (Exact) | C5: =VLOOKUP(lookup_value, table_array, col_index_num, FALSE) | D5: Vertical table mein se exact match value dhoondhta hai. | E5: =VLOOKUP("EMP-103", A5:H14, 6, FALSE) | F5: =VLOOKUP("EMP-103", 'Data Sheet'!A5:H14, 6, FALSE)
A6: Advanced Lookup | B6: XLOOKUP | C6: =XLOOKUP(lookup_value, lookup_array, return_array, [if_not_found]) | D6: Modern & powerful lookup (Left, Right sab jagah kaam karta hai). | E6: =XLOOKUP("EMP-106", A5:A14, E5:E14) | F6: =XLOOKUP("EMP-106", 'Data Sheet'!A5:A14, 'Data Sheet'!E5:E14)
A7: Advanced Lookup | B7: INDEX + MATCH | C7: =INDEX(return_range, MATCH(lookup_value, lookup_range, 0)) | D7: VLOOKUP se zyada flexible aur fast lookup karta hai. | E7: =INDEX(D5:D14, MATCH("EMP-104", A5:A14, 0)) | F7: =INDEX('Data Sheet'!D5:D14, MATCH("EMP-104", 'Data Sheet'!A5:A14, 0))
A8: Advanced Lookup | B8: HLOOKUP | C8: =HLOOKUP(lookup_value, table_array, row_index_num, FALSE) | D8: Horizontal (row-wise) data mein lookup karta hai. | E8: =HLOOKUP("Price", A18:E19, 2, FALSE) | F8: 1200
A9: Conditional Math | B9: SUMIF | C9: =SUMIF(range, criteria, [sum_range]) | D9: Ek condition ke basis par sum nikalta hai. | E9: =SUMIF(D5:D14, "IT", F5:F14) | F9: =SUMIF('Data Sheet'!D5:D14, "IT", 'Data Sheet'!F5:F14)
A10: Conditional Math | B10: SUMIFS | C10: =SUMIFS(sum_range, criteria_range1, criteria1, ...) | D10: Multiple conditions ke basis par total nikalta hai. | E10: =SUMIFS(F5:F14, D5:D14, "IT", E5:E14, "Delhi") | F10: =SUMIFS('Data Sheet'!F5:F14, 'Data Sheet'!D5:D14, "IT", 'Data Sheet'!E5:E14, "Delhi")
A11: Conditional Math | B11: COUNTIF | C11: =COUNTIF(range, criteria) | D11: Ek condition ke basis par cells count karta hai. | E11: =COUNTIF(D5:D14, "HR") | F11: =COUNTIF('Data Sheet'!D5:D14, "HR")
A12: Conditional Math | B12: COUNTIFS | C12: =COUNTIFS(criteria_range1, criteria1, ...) | D12: Multiple conditions ke basis par cells count karta hai. | E12: =COUNTIFS(D5:D14, "IT", E5:E14, "Delhi") | F12: =COUNTIFS('Data Sheet'!D5:D14, "IT", 'Data Sheet'!E5:E14, "Delhi")
A13: Conditional Math | B13: AVERAGEIF / AVERAGEIFS | C13: =AVERAGEIFS(average_range, criteria_range1, criteria1, ...) | D13: Condition ke basis par average nikalta hai. | E13: =AVERAGEIF(D5:D14, "IT", F5:F14) | F13: =AVERAGEIF('Data Sheet'!D5:D14, "IT", 'Data Sheet'!F5:F14)
A14: Logical & Error | B14: IFERROR | C14: =IFERROR(value, value_if_error) | D14: Formula mein error aane par custom message dikhata hai. | E14: =IFERROR(VLOOKUP("EMP-999", A5:H14, 2, FALSE), "Not Found") | F14: =IFERROR(VLOOKUP("EMP-999", 'Data Sheet'!A5:H14, 2, FALSE), "Not Found")
A15: Logical & Error | B15: AND / OR | C15: =IF(AND(condition1, condition2), true_val, false_val) | D15: Multiple conditions test karta hai (All True / Any True). | E15: =IF(AND(F5>60000, H5>80), "Bonus", "No Bonus") | F15: =IF(AND('Data Sheet'!F5>60000, 'Data Sheet'!H5>80), "Bonus", "No Bonus")
A16: Advanced Text | B16: TEXTJOIN | C16: =TEXTJOIN(delimiter, ignore_empty, text1, ...) | D16: Custom delimiter (jaise space/comma) se text ko jodta hai. | E16: =TEXTJOIN(", ", TRUE, B5, C5, D5) | F16: =TEXTJOIN(", ", TRUE, 'Data Sheet'!B5, 'Data Sheet'!C5, 'Data Sheet'!D5)
A17: Advanced Text | B17: TRIM | C17: =TRIM(text) | D17: Text ke faltu/extra spaces ko hatata hai. | E17: =TRIM(A5) | F17: =TRIM('Data Sheet'!A5)
A18: Advanced Text | B18: TEXT | C18: =TEXT(value, format_text) | D18: Number/Date ko custom formatted text banata hai. | E18: =TEXT(TODAY(), "dd-mmm-yyyy") | F18: =TEXT(TODAY(), "dd-mmm-yyyy")
A19: Advanced Math | B19: SUMPRODUCT | C19: =SUMPRODUCT(array1, [array2], ...) | D19: Arrays ka multiply karke unka sum nikalta hai. | E19: =SUMPRODUCT(F5:F14, H5:H14) | F19: =SUMPRODUCT('Data Sheet'!F5:F14, 'Data Sheet'!H5:H14)
A20: Advanced Date | B20: DATEDIF | C20: =DATEDIF(start_date, end_date, unit) | D20: Do dates ke beech ka antar (Years, Months, Days) nikalta hai. | E20: =DATEDIF(G5, TODAY(), "Y") | F20: =DATEDIF('Data Sheet'!G5, TODAY(), "Y")
A21: Advanced Date | B21: NETWORKDAYS | C21: =NETWORKDAYS(start_date, end_date) | D21: Weekends aur Holidays hata kar working days count karta hai. | E21: =NETWORKDAYS("2026-10-01", "2026-10-31") | F21: =NETWORKDAYS("2026-10-01", "2026-10-31")

Sheet Data Sheet
A1: Master Sample Data Table
A2: Yeh sample data upar ke 'Normal Functions' aur 'Advanced Functions' sheets mein formulas ke dwara access kiya gaya hai.
A4: Emp ID | B4: First Name | C4: Last Name | D4: Department | E4: City | F4: Salary (INR) | G4: Join Date | H4: Score
A5: EMP-101 | B5: Aarav | C5: Sharma | D5: IT | E5: Delhi | F5: 75000 | G5: 2021-05-10 | H5: 85
A6: EMP-102 | B6: Priya | C6: Verma | D6: HR | E6: Mumbai | F6: 62000 | G6: 2020-03-15 | H6: 92
A7: EMP-103 | B7: Rahul | C7: Mehta | D7: Finance | E7: Bangalore | F7: 85000 | G7: 2019-11-20 | H7: 78
A8: EMP-104 | B8: Sneha | C8: Gupta | D8: Marketing | E8: Delhi | F8: 58000 | G8: 2022-01-10 | H8: 64
A9: EMP-105 | B9: Vikram | C9: Singh | D9: Sales | E9: Pune | F9: 68000 | G9: 2018-08-05 | H9: 45
A10: EMP-106 | B10: Ananya | C10: Iyer | D10: IT | E10: Chennai | F10: 92000 | G10: 2017-04-12 | H10: 88
A11: EMP-107 | B11: Rohan | C11: Das | D11: Finance | E11: Kolkata | F11: 71000 | G11: 2021-09-01 | H11: 59
A12: EMP-108 | B12: Neha | C12: Patel | D12: HR | E12: Ahmedabad | F12: 64000 | G12: 2020-06-18 | H12: 95
A13: EMP-109 | B13: Karan | C13: Joshi | D13: Sales | E13: Delhi | F13: 79000 | G13: 2019-02-28 | H13: 38
A14: EMP-110 | B14: Pooja | C14: Reddy | D14: Marketing | E14: Hyderabad | F14: 67000 | G14: 2022-07-14 | H14: 72
