Workbook

Sheet Sales_Dataset
A1: Order_ID | B1: Customer | C1: City | D1: Category | E1: Product | F1: Quantity | G1: Unit_Price | H1: Discount_% | I1: Order_Date | J1: Delivery_Date | K1: Salesperson
A2: 1001 | B2: Ritesh | C2: Nashik | D2: Stationery | E2: Notebook | F2: 3 | G2: 222 | H2: 15 | I2: 46081 | J2: 46083 | K2: Kavya
A3: 1002 | B3: Pooja | C3: Solapur | D3: Furniture | E3: Desk | F3: 7 | G3: 8448 | H3: 12 | I3: 46174 | J3: 46179 | K3: Amit
A4: 1003 | B4: Meera | C4: Satara | D4: Furniture | E4: Table | F4: 20 | G4: 2123 | H4: 15 | I4: 46183 | J4: 46192 | K4: Rahul
A5: 1004 | B5: Pooja | C5: Aurangabad | D5: Furniture | E5: Table | F5: 16 | G5: 11739 | H5: 12 | I5: 46034 | J5: 46040 | K5: Amit
A6: 1005 | B6: Vikram | C6: Solapur | D6: Stationery | E6: Notebook | F6: 18 | G6: 70 | H6: 0 | I6: 46171 | J6: 46179 | K6: Rahul
A7: 1006 | B7: Arjun | C7: Aurangabad | D7: Furniture | E7: Chair | F7: 3 | G7: 2714 | H7: 5 | I7: 46055 | J7: 46062 | K7: Priya
A8: 1007 | B8: Meera | C8: Satara | D8: Stationery | E8: Notebook | F8: 19 | G8: 149 | H8: 7 | I8: 46162 | J8: 46168 | K8: Rahul
A9: 1008 | B9: Neha | C9: Kolhapur | D9: Furniture | E9: Chair | F9: 1 | G9: 1134 | H9: 0 | I9: 46033 | J9: 46041 | K9: Rahul
A10: 1009 | B10: Asha | C10: Nagpur | D10: Electronics | E10: Printer | F10: 10 | G10: 40671 | H10: 12 | I10: 46183 | J10: 46193 | K10: Rahul
A11: 1010 | B11: Ritesh | C11: Solapur | D11: Stationery | E11: Stapler | F11: 14 | G11: 470 | H11: 5 | I11: 46062 | J11: 46068 | K11: Kavya
A12: 1011 | B12: Ritesh | C12: Solapur | D12: Stationery | E12: Pen Pack | F12: 14 | G12: 88 | H12: 12 | I12: 46161 | J12: 46163 | K12: Kavya
A13: 1012 | B13: Vikram | C13: Mumbai | D13: Electronics | E13: Keyboard | F13: 3 | G13: 64615 | H13: 10 | I13: 46086 | J13: 46095 | K13: Priya
... A401: 1400 | B401: Deepak | C401: Satara | D401: Electronics | E401: Printer | F401: 13 | G401: 52411 | H401: 15 | I401: 46090 | J401: 46092 | K401: Amit

Sheet Q1
A1: Order_ID | B1: Customer | C1: City | D1: Category | E1: Product | F1: Quantity | G1: Unit_Price | H1: Discount_% | I1: Order_Date | J1: Delivery_Date | K1: Salesperson
A2: 1001 | B2: Ritesh | C2: Nashik | D2: Stationery | E2: Notebook | F2: 3 | G2: 222 | H2: 15 | I2: 46081 | J2: 46083 | K2: Kavya
A3: 1002 | B3: Pooja | C3: Solapur | D3: Furniture | E3: Desk | F3: 7 | G3: 8448 | H3: 12 | I3: 46174 | J3: 46179 | K3: Amit
A4: 1003 | B4: Meera | C4: Satara | D4: Furniture | E4: Table | F4: 20 | G4: 2123 | H4: 15 | I4: 46183 | J4: 46192 | K4: Rahul
A5: 1004 | B5: Pooja | C5: Aurangabad | D5: Furniture | E5: Table | F5: 16 | G5: 11739 | H5: 12 | I5: 46034 | J5: 46040 | K5: Amit
A6: 1005 | B6: Vikram | C6: Solapur | D6: Stationery | E6: Notebook | F6: 18 | G6: 70 | H6: 0 | I6: 46171 | J6: 46179 | K6: Rahul
A7: 1006 | B7: Arjun | C7: Aurangabad | D7: Furniture | E7: Chair | F7: 3 | G7: 2714 | H7: 5 | I7: 46055 | J7: 46062 | K7: Priya
A8: 1007 | B8: Meera | C8: Satara | D8: Stationery | E8: Notebook | F8: 19 | G8: 149 | H8: 7 | I8: 46162 | J8: 46168 | K8: Rahul
A9: 1008 | B9: Neha | C9: Kolhapur | D9: Furniture | E9: Chair | F9: 1 | G9: 1134 | H9: 0 | I9: 46033 | J9: 46041 | K9: Rahul
A10: 1009 | B10: Asha | C10: Nagpur | D10: Electronics | E10: Printer | F10: 10 | G10: 40671 | H10: 12 | I10: 46183 | J10: 46193 | K10: Rahul
A11: 1010 | B11: Ritesh | C11: Solapur | D11: Stationery | E11: Stapler | F11: 14 | G11: 470 | H11: 5 | I11: 46062 | J11: 46068 | K11: Kavya
A12: 1011 | B12: Ritesh | C12: Solapur | D12: Stationery | E12: Pen Pack | F12: 14 | G12: 88 | H12: 12 | I12: 46161 | J12: 46163 | K12: Kavya
A13: 1012 | B13: Vikram | C13: Mumbai | D13: Electronics | E13: Keyboard | F13: 3 | G13: 64615 | H13: 10 | I13: 46086 | J13: 46095 | K13: Priya
... A401: 1400 | B401: Deepak | C401: Satara | D401: Electronics | E401: Printer | F401: 13 | G401: 52411 | H401: 15 | I401: 46090 | J401: 46092 | K401: Amit

Sheet Q2
A1: Order_ID | B1: Customer | C1: City | D1: Category | E1: Product | F1: Quantity | G1: Unit_Price | H1: Discount_% | I1: Order_Date | J1: Delivery_Date | K1: Salesperson
A2: 1019 | B2: Ritesh | C2: Pune | D2: Electronics | E2: Headset | F2: 18 | G2: 45652 | H2: 10 | I2: 46023 | J2: 46030 | K2: Amit
A3: 1355 | B3: Arjun | C3: Nashik | D3: Electronics | E3: Laptop | F3: 18 | G3: 35997 | H3: 2 | I3: 46024 | J3: 46031 | K3: Suresh
A4: 1060 | B4: Ajay | C4: Nashik | D4: Furniture | E4: Bookshelf | F4: 9 | G4: 9727 | H4: 2 | I4: 46024 | J4: 46030 | K4: Amit
A5: 1151 | B5: Kiran | C5: Pune | D5: Stationery | E5: Marker | F5: 20 | G5: 272 | H5: 15 | I5: 46024 | J5: 46029 | K5: Suresh
A6: 1132 | B6: Ritesh | C6: Kolhapur | D6: Stationery | E6: Marker | F6: 10 | G6: 270 | H6: 7 | I6: 46024 | J6: 46034 | K6: Rahul
A7: 1352 | B7: Manoj | C7: Satara | D7: Stationery | E7: Notebook | F7: 12 | G7: 203 | H7: 5 | I7: 46024 | J7: 46033 | K7: Kavya
A8: 1156 | B8: Manoj | C8: Mumbai | D8: Stationery | E8: Stapler | F8: 5 | G8: 466 | H8: 15 | I8: 46025 | J8: 46029 | K8: Kavya
A9: 1341 | B9: Sara | C9: Mumbai | D9: Furniture | E9: Desk | F9: 19 | G9: 6488 | H9: 15 | I9: 46026 | J9: 46030 | K9: Amit
A10: 1351 | B10: Nisha | C10: Nagpur | D10: Electronics | E10: Monitor | F10: 12 | G10: 1272 | H10: 0 | I10: 46026 | J10: 46029 | K10: Kavya
A11: 1229 | B11: Sara | C11: Nashik | D11: Furniture | E11: Cabinet | F11: 14 | G11: 5859 | H11: 12 | I11: 46027 | J11: 46036 | K11: Amit
A12: 1100 | B12: Ritesh | C12: Kolhapur | D12: Stationery | E12: Notebook | F12: 11 | G12: 296 | H12: 10 | I12: 46027 | J12: 46031 | K12: Suresh
A13: 1301 | B13: Manoj | C13: Solapur | D13: Furniture | E13: Chair | F13: 3 | G13: 7020 | H13: 10 | I13: 46028 | J13: 46038 | K13: Rahul
... A401: 1219 | B401: Kiran | C401: Satara | D401: Stationery | E401: Notebook | F401: 4 | G401: 117 | H401: 15 | I401: 46202 | J401: 46206 | K401: Priya

Sheet Q3
A1: Order_ID | B1: Customer | C1: City | D1: Category | E1: Product | F1: Quantity | G1: Unit_Price | H1: Discount_% | I1: Order_Date | J1: Delivery_Date | K1: Salesperson
A2: 1019 | B2: Ritesh | C2: Pune | D2: Electronics | E2: Headset | F2: 18 | G2: 45652 | H2: 10 | I2: 46023 | J2: 46030 | K2: Amit
A3: 1075 | B3: Nisha | C3: Pune | D3: Electronics | E3: Mouse | F3: 4 | G3: 64773 | H3: 10 | I3: 46185 | J3: 46186 | K3: Suresh
A4: 1164 | B4: Deepak | C4: Pune | D4: Electronics | E4: Mouse | F4: 7 | G4: 24615 | H4: 12 | I4: 46196 | J4: 46203 | K4: Suresh
A5: 1307 | B5: Sara | C5: Pune | D5: Electronics | E5: Printer | F5: 18 | G5: 7541 | H5: 12 | I5: 46048 | J5: 46051 | K5: Suresh
A6: 1325 | B6: Nitin | C6: Pune | D6: Electronics | E6: Keyboard | F6: 9 | G6: 58442 | H6: 12 | I6: 46076 | J6: 46085 | K6: Amit
A7: 1354 | B7: Yash | C7: Pune | D7: Electronics | E7: Printer | F7: 15 | G7: 14927 | H7: 15 | I7: 46118 | J7: 46120 | K7: Suresh

Sheet Q4
A1: TOTAL QUANTITY SOLD | B1: AVERAGE UNIT PRICE | C1: MAX UNIT PRICE | D1: MIN UNIT PRICE | E1: TOTAL NO OF ORDERS
A2: =SUM(Sales_Dataset!$F$2:$F$401) -> 4446 | B2: =AVERAGE(Sales_Dataset!$G$2:$G$401) -> 16067.843 | C2: =MAX(Sales_Dataset!$G$2:$G$401) -> 69793 | D2: =MIN(Sales_Dataset!$G$2:$G$401) -> 30 | E2: =COUNT(Sales_Dataset!$A$2:$A$401) -> 400

Sheet Q5
A1: Order_ID | B1: Customer | C1: City | D1: Category | E1: Product | F1: Quantity | G1: Unit_Price | H1: Discount_% | I1: Order_Date | J1: Delivery_Date | K1: Salesperson | L1: Order Type
A2: 1019 | B2: Ritesh | C2: Pune | D2: Electronics | E2: Headset | F2: 18 | G2: 45652 | H2: 10 | I2: 46023 | J2: 46030 | K2: Amit | L2: {=_xlfn.IFS(F2>=15,"Bulk Order",AND(F2>=5,F2<=14),"Medium Order",F2<5,"Regular Order")} -> Bulk Order
A3: 1355 | B3: Arjun | C3: Nashik | D3: Electronics | E3: Laptop | F3: 18 | G3: 35997 | H3: 2 | I3: 46024 | J3: 46031 | K3: Suresh | L3: {=_xlfn.IFS(F3>=15,"Bulk Order",AND(F3>=5,F3<=14),"Medium Order",F3<5,"Regular Order")} -> Bulk Order
A4: 1060 | B4: Ajay | C4: Nashik | D4: Furniture | E4: Bookshelf | F4: 9 | G4: 9727 | H4: 2 | I4: 46024 | J4: 46030 | K4: Amit | L4: {=_xlfn.IFS(F4>=15,"Bulk Order",AND(F4>=5,F4<=14),"Medium Order",F4<5,"Regular Order")} -> Medium Order
A5: 1151 | B5: Kiran | C5: Pune | D5: Stationery | E5: Marker | F5: 20 | G5: 272 | H5: 15 | I5: 46024 | J5: 46029 | K5: Suresh | L5: {=_xlfn.IFS(F5>=15,"Bulk Order",AND(F5>=5,F5<=14),"Medium Order",F5<5,"Regular Order")} -> Bulk Order
A6: 1132 | B6: Ritesh | C6: Kolhapur | D6: Stationery | E6: Marker | F6: 10 | G6: 270 | H6: 7 | I6: 46024 | J6: 46034 | K6: Rahul | L6: {=_xlfn.IFS(F6>=15,"Bulk Order",AND(F6>=5,F6<=14),"Medium Order",F6<5,"Regular Order")} -> Medium Order
A7: 1352 | B7: Manoj | C7: Satara | D7: Stationery | E7: Notebook | F7: 12 | G7: 203 | H7: 5 | I7: 46024 | J7: 46033 | K7: Kavya | L7: {=_xlfn.IFS(F7>=15,"Bulk Order",AND(F7>=5,F7<=14),"Medium Order",F7<5,"Regular Order")} -> Medium Order
A8: 1156 | B8: Manoj | C8: Mumbai | D8: Stationery | E8: Stapler | F8: 5 | G8: 466 | H8: 15 | I8: 46025 | J8: 46029 | K8: Kavya | L8: {=_xlfn.IFS(F8>=15,"Bulk Order",AND(F8>=5,F8<=14),"Medium Order",F8<5,"Regular Order")} -> Medium Order
A9: 1341 | B9: Sara | C9: Mumbai | D9: Furniture | E9: Desk | F9: 19 | G9: 6488 | H9: 15 | I9: 46026 | J9: 46030 | K9: Amit | L9: {=_xlfn.IFS(F9>=15,"Bulk Order",AND(F9>=5,F9<=14),"Medium Order",F9<5,"Regular Order")} -> Bulk Order
A10: 1351 | B10: Nisha | C10: Nagpur | D10: Electronics | E10: Monitor | F10: 12 | G10: 1272 | H10: 0 | I10: 46026 | J10: 46029 | K10: Kavya | L10: {=_xlfn.IFS(F10>=15,"Bulk Order",AND(F10>=5,F10<=14),"Medium Order",F10<5,"Regular Order")} -> Medium Order
A11: 1229 | B11: Sara | C11: Nashik | D11: Furniture | E11: Cabinet | F11: 14 | G11: 5859 | H11: 12 | I11: 46027 | J11: 46036 | K11: Amit | L11: {=_xlfn.IFS(F11>=15,"Bulk Order",AND(F11>=5,F11<=14),"Medium Order",F11<5,"Regular Order")} -> Medium Order
A12: 1100 | B12: Ritesh | C12: Kolhapur | D12: Stationery | E12: Notebook | F12: 11 | G12: 296 | H12: 10 | I12: 46027 | J12: 46031 | K12: Suresh | L12: {=_xlfn.IFS(F12>=15,"Bulk Order",AND(F12>=5,F12<=14),"Medium Order",F12<5,"Regular Order")} -> Medium Order
A13: 1301 | B13: Manoj | C13: Solapur | D13: Furniture | E13: Chair | F13: 3 | G13: 7020 | H13: 10 | I13: 46028 | J13: 46038 | K13: Rahul | L13: {=_xlfn.IFS(F13>=15,"Bulk Order",AND(F13>=5,F13<=14),"Medium Order",F13<5,"Regular Order")} -> Regular Order
... A401: 1219 | B401: Kiran | C401: Satara | D401: Stationery | E401: Notebook | F401: 4 | G401: 117 | H401: 15 | I401: 46202 | J401: 46206 | K401: Priya | L401: {=_xlfn.IFS(F401>=15,"Bulk Order",AND(F401>=5,F401<=14),"Medium Order",F401<5,"Regular Order")} -> Regular Order

Sheet Q6
A1: Order_ID | B1: Customer | C1: City | D1: Category | E1: Product | F1: Quantity | G1: Unit_Price | H1: Discount_% | I1: Order_Date | J1: Delivery_Date | K1: Salesperson | L1: Discount Eligibility
A2: 1019 | B2: Ritesh | C2: Pune | D2: Electronics | E2: Headset | F2: 18 | G2: 45652 | H2: 10 | I2: 46023 | J2: 46030 | K2: Amit | L2: =IF(AND(D2="Electronics",H2>=10),"Eligible","Not Eligible") -> Eligible
A3: 1355 | B3: Arjun | C3: Nashik | D3: Electronics | E3: Laptop | F3: 18 | G3: 35997 | H3: 2 | I3: 46024 | J3: 46031 | K3: Suresh | L3: =IF(AND(D3="Electronics",H3>=10),"Eligible","Not Eligible") -> Not Eligible
A4: 1060 | B4: Ajay | C4: Nashik | D4: Furniture | E4: Bookshelf | F4: 9 | G4: 9727 | H4: 2 | I4: 46024 | J4: 46030 | K4: Amit | L4: =IF(AND(D4="Electronics",H4>=10),"Eligible","Not Eligible") -> Not Eligible
A5: 1151 | B5: Kiran | C5: Pune | D5: Stationery | E5: Marker | F5: 20 | G5: 272 | H5: 15 | I5: 46024 | J5: 46029 | K5: Suresh | L5: =IF(AND(D5="Electronics",H5>=10),"Eligible","Not Eligible") -> Not Eligible
A6: 1132 | B6: Ritesh | C6: Kolhapur | D6: Stationery | E6: Marker | F6: 10 | G6: 270 | H6: 7 | I6: 46024 | J6: 46034 | K6: Rahul | L6: =IF(AND(D6="Electronics",H6>=10),"Eligible","Not Eligible") -> Not Eligible
A7: 1352 | B7: Manoj | C7: Satara | D7: Stationery | E7: Notebook | F7: 12 | G7: 203 | H7: 5 | I7: 46024 | J7: 46033 | K7: Kavya | L7: =IF(AND(D7="Electronics",H7>=10),"Eligible","Not Eligible") -> Not Eligible
A8: 1156 | B8: Manoj | C8: Mumbai | D8: Stationery | E8: Stapler | F8: 5 | G8: 466 | H8: 15 | I8: 46025 | J8: 46029 | K8: Kavya | L8: =IF(AND(D8="Electronics",H8>=10),"Eligible","Not Eligible") -> Not Eligible
A9: 1341 | B9: Sara | C9: Mumbai | D9: Furniture | E9: Desk | F9: 19 | G9: 6488 | H9: 15 | I9: 46026 | J9: 46030 | K9: Amit | L9: =IF(AND(D9="Electronics",H9>=10),"Eligible","Not Eligible") -> Not Eligible
A10: 1351 | B10: Nisha | C10: Nagpur | D10: Electronics | E10: Monitor | F10: 12 | G10: 1272 | H10: 0 | I10: 46026 | J10: 46029 | K10: Kavya | L10: =IF(AND(D10="Electronics",H10>=10),"Eligible","Not Eligible") -> Not Eligible
A11: 1229 | B11: Sara | C11: Nashik | D11: Furniture | E11: Cabinet | F11: 14 | G11: 5859 | H11: 12 | I11: 46027 | J11: 46036 | K11: Amit | L11: =IF(AND(D11="Electronics",H11>=10),"Eligible","Not Eligible") -> Not Eligible
A12: 1100 | B12: Ritesh | C12: Kolhapur | D12: Stationery | E12: Notebook | F12: 11 | G12: 296 | H12: 10 | I12: 46027 | J12: 46031 | K12: Suresh | L12: =IF(AND(D12="Electronics",H12>=10),"Eligible","Not Eligible") -> Not Eligible
A13: 1301 | B13: Manoj | C13: Solapur | D13: Furniture | E13: Chair | F13: 3 | G13: 7020 | H13: 10 | I13: 46028 | J13: 46038 | K13: Rahul | L13: =IF(AND(D13="Electronics",H13>=10),"Eligible","Not Eligible") -> Not Eligible
... A401: 1219 | B401: Kiran | C401: Satara | D401: Stationery | E401: Notebook | F401: 4 | G401: 117 | H401: 15 | I401: 46202 | J401: 46206 | K401: Priya | L401: =IF(AND(D401="Electronics",H401>=10),"Eligible","Not Eligible") -> Not Eligible

Sheet Q7
A1: Order_ID | B1: Customer | C1: City | D1: Category | E1: Product | F1: Quantity | G1: Unit_Price | H1: Discount_% | I1: Order_Date | J1: Delivery_Date | K1: Salesperson | L1: Priority Order
A2: 1019 | B2: Ritesh | C2: Pune | D2: Electronics | E2: Headset | F2: 18 | G2: 45652 | H2: 10 | I2: 46023 | J2: 46030 | K2: Amit | L2: =IF(OR(C2="Mumbai",F2>=15),"Priority","Normal") -> Priority
A3: 1355 | B3: Arjun | C3: Nashik | D3: Electronics | E3: Laptop | F3: 18 | G3: 35997 | H3: 2 | I3: 46024 | J3: 46031 | K3: Suresh | L3: =IF(OR(C3="Mumbai",F3>=15),"Priority","Normal") -> Priority
A4: 1060 | B4: Ajay | C4: Nashik | D4: Furniture | E4: Bookshelf | F4: 9 | G4: 9727 | H4: 2 | I4: 46024 | J4: 46030 | K4: Amit | L4: =IF(OR(C4="Mumbai",F4>=15),"Priority","Normal") -> Normal
A5: 1151 | B5: Kiran | C5: Pune | D5: Stationery | E5: Marker | F5: 20 | G5: 272 | H5: 15 | I5: 46024 | J5: 46029 | K5: Suresh | L5: =IF(OR(C5="Mumbai",F5>=15),"Priority","Normal") -> Priority
A6: 1132 | B6: Ritesh | C6: Kolhapur | D6: Stationery | E6: Marker | F6: 10 | G6: 270 | H6: 7 | I6: 46024 | J6: 46034 | K6: Rahul | L6: =IF(OR(C6="Mumbai",F6>=15),"Priority","Normal") -> Normal
A7: 1352 | B7: Manoj | C7: Satara | D7: Stationery | E7: Notebook | F7: 12 | G7: 203 | H7: 5 | I7: 46024 | J7: 46033 | K7: Kavya | L7: =IF(OR(C7="Mumbai",F7>=15),"Priority","Normal") -> Normal
A8: 1156 | B8: Manoj | C8: Mumbai | D8: Stationery | E8: Stapler | F8: 5 | G8: 466 | H8: 15 | I8: 46025 | J8: 46029 | K8: Kavya | L8: =IF(OR(C8="Mumbai",F8>=15),"Priority","Normal") -> Priority
A9: 1341 | B9: Sara | C9: Mumbai | D9: Furniture | E9: Desk | F9: 19 | G9: 6488 | H9: 15 | I9: 46026 | J9: 46030 | K9: Amit | L9: =IF(OR(C9="Mumbai",F9>=15),"Priority","Normal") -> Priority
A10: 1351 | B10: Nisha | C10: Nagpur | D10: Electronics | E10: Monitor | F10: 12 | G10: 1272 | H10: 0 | I10: 46026 | J10: 46029 | K10: Kavya | L10: =IF(OR(C10="Mumbai",F10>=15),"Priority","Normal") -> Normal
A11: 1229 | B11: Sara | C11: Nashik | D11: Furniture | E11: Cabinet | F11: 14 | G11: 5859 | H11: 12 | I11: 46027 | J11: 46036 | K11: Amit | L11: =IF(OR(C11="Mumbai",F11>=15),"Priority","Normal") -> Normal
A12: 1100 | B12: Ritesh | C12: Kolhapur | D12: Stationery | E12: Notebook | F12: 11 | G12: 296 | H12: 10 | I12: 46027 | J12: 46031 | K12: Suresh | L12: =IF(OR(C12="Mumbai",F12>=15),"Priority","Normal") -> Normal
A13: 1301 | B13: Manoj | C13: Solapur | D13: Furniture | E13: Chair | F13: 3 | G13: 7020 | H13: 10 | I13: 46028 | J13: 46038 | K13: Rahul | L13: =IF(OR(C13="Mumbai",F13>=15),"Priority","Normal") -> Normal
... A401: 1219 | B401: Kiran | C401: Satara | D401: Stationery | E401: Notebook | F401: 4 | G401: 117 | H401: 15 | I401: 46202 | J401: 46206 | K401: Priya | L401: =IF(OR(C401="Mumbai",F401>=15),"Priority","Normal") -> Normal

Sheet Q8
A1: Order_ID | B1: Customer | C1: City | D1: Category | E1: Product | F1: Quantity | G1: Unit_Price | H1: Discount_% | I1: Order_Date | J1: Delivery_Date | K1: Salesperson | L1: Final Amount | M1: Sales Grade
A2: 1019 | B2: Ritesh | C2: Pune | D2: Electronics | E2: Headset | F2: 18 | G2: 45652 | H2: 10 | I2: 46023 | J2: 46030 | K2: Amit | L2: =F2*G2*(1-H2/100) -> 739562.4 | M2: {=_xlfn.IFS(L2>=100000, "Excellent", AND(L2<100000, L2>=50000), "Very Good", AND(L2<50000, L2>=20000), "Good", L2<20000, "Average")} -> Excellent
A3: 1355 | B3: Arjun | C3: Nashik | D3: Electronics | E3: Laptop | F3: 18 | G3: 35997 | H3: 2 | I3: 46024 | J3: 46031 | K3: Suresh | L3: =F3*G3*(1-H3/100) -> 634987.08 | M3: {=_xlfn.IFS(L3>=100000, "Excellent", AND(L3<100000, L3>=50000), "Very Good", AND(L3<50000, L3>=20000), "Good", L3<20000, "Average")} -> Excellent
A4: 1060 | B4: Ajay | C4: Nashik | D4: Furniture | E4: Bookshelf | F4: 9 | G4: 9727 | H4: 2 | I4: 46024 | J4: 46030 | K4: Amit | L4: =F4*G4*(1-H4/100) -> 85792.14 | M4: {=_xlfn.IFS(L4>=100000, "Excellent", AND(L4<100000, L4>=50000), "Very Good", AND(L4<50000, L4>=20000), "Good", L4<20000, "Average")} -> Very Good
A5: 1151 | B5: Kiran | C5: Pune | D5: Stationery | E5: Marker | F5: 20 | G5: 272 | H5: 15 | I5: 46024 | J5: 46029 | K5: Suresh | L5: =F5*G5*(1-H5/100) -> 4624 | M5: {=_xlfn.IFS(L5>=100000, "Excellent", AND(L5<100000, L5>=50000), "Very Good", AND(L5<50000, L5>=20000), "Good", L5<20000, "Average")} -> Average
A6: 1132 | B6: Ritesh | C6: Kolhapur | D6: Stationery | E6: Marker | F6: 10 | G6: 270 | H6: 7 | I6: 46024 | J6: 46034 | K6: Rahul | L6: =F6*G6*(1-H6/100) -> 2511 | M6: {=_xlfn.IFS(L6>=100000, "Excellent", AND(L6<100000, L6>=50000), "Very Good", AND(L6<50000, L6>=20000), "Good", L6<20000, "Average")} -> Average
A7: 1352 | B7: Manoj | C7: Satara | D7: Stationery | E7: Notebook | F7: 12 | G7: 203 | H7: 5 | I7: 46024 | J7: 46033 | K7: Kavya | L7: =F7*G7*(1-H7/100) -> 2314.2 | M7: {=_xlfn.IFS(L7>=100000, "Excellent", AND(L7<100000, L7>=50000), "Very Good", AND(L7<50000, L7>=20000), "Good", L7<20000, "Average")} -> Average
A8: 1156 | B8: Manoj | C8: Mumbai | D8: Stationery | E8: Stapler | F8: 5 | G8: 466 | H8: 15 | I8: 46025 | J8: 46029 | K8: Kavya | L8: =F8*G8*(1-H8/100) -> 1980.5 | M8: {=_xlfn.IFS(L8>=100000, "Excellent", AND(L8<100000, L8>=50000), "Very Good", AND(L8<50000, L8>=20000), "Good", L8<20000, "Average")} -> Average
A9: 1341 | B9: Sara | C9: Mumbai | D9: Furniture | E9: Desk | F9: 19 | G9: 6488 | H9: 15 | I9: 46026 | J9: 46030 | K9: Amit | L9: =F9*G9*(1-H9/100) -> 104781.2 | M9: {=_xlfn.IFS(L9>=100000, "Excellent", AND(L9<100000, L9>=50000), "Very Good", AND(L9<50000, L9>=20000), "Good", L9<20000, "Average")} -> Excellent
A10: 1351 | B10: Nisha | C10: Nagpur | D10: Electronics | E10: Monitor | F10: 12 | G10: 1272 | H10: 0 | I10: 46026 | J10: 46029 | K10: Kavya | L10: =F10*G10*(1-H10/100) -> 15264 | M10: {=_xlfn.IFS(L10>=100000, "Excellent", AND(L10<100000, L10>=50000), "Very Good", AND(L10<50000, L10>=20000), "Good", L10<20000, "Average")} -> Average
A11: 1229 | B11: Sara | C11: Nashik | D11: Furniture | E11: Cabinet | F11: 14 | G11: 5859 | H11: 12 | I11: 46027 | J11: 46036 | K11: Amit | L11: =F11*G11*(1-H11/100) -> 72182.88 | M11: {=_xlfn.IFS(L11>=100000, "Excellent", AND(L11<100000, L11>=50000), "Very Good", AND(L11<50000, L11>=20000), "Good", L11<20000, "Average")} -> Very Good
A12: 1100 | B12: Ritesh | C12: Kolhapur | D12: Stationery | E12: Notebook | F12: 11 | G12: 296 | H12: 10 | I12: 46027 | J12: 46031 | K12: Suresh | L12: =F12*G12*(1-H12/100) -> 2930.4 | M12: {=_xlfn.IFS(L12>=100000, "Excellent", AND(L12<100000, L12>=50000), "Very Good", AND(L12<50000, L12>=20000), "Good", L12<20000, "Average")} -> Average
A13: 1301 | B13: Manoj | C13: Solapur | D13: Furniture | E13: Chair | F13: 3 | G13: 7020 | H13: 10 | I13: 46028 | J13: 46038 | K13: Rahul | L13: =F13*G13*(1-H13/100) -> 18954 | M13: {=_xlfn.IFS(L13>=100000, "Excellent", AND(L13<100000, L13>=50000), "Very Good", AND(L13<50000, L13>=20000), "Good", L13<20000, "Average")} -> Average
... A401: 1219 | B401: Kiran | C401: Satara | D401: Stationery | E401: Notebook | F401: 4 | G401: 117 | H401: 15 | I401: 46202 | J401: 46206 | K401: Priya | L401: =F401*G401*(1-H401/100) -> 397.8 | M401: {=_xlfn.IFS(L401>=100000, "Excellent", AND(L401<100000, L401>=50000), "Very Good", AND(L401<50000, L401>=20000), "Good", L401<20000, "Average")} -> Average

Sheet Q9
A1: Order_ID | B1: Customer | C1: City | D1: Category | E1: Product | F1: Quantity | G1: Unit_Price | H1: Discount_% | I1: Order_Date | J1: Delivery_Date | K1: Salesperson | L1: Customer_Product
A2: 1019 | B2: Ritesh | C2: Pune | D2: Electronics | E2: Headset | F2: 18 | G2: 45652 | H2: 10 | I2: 46023 | J2: 46030 | K2: Amit | L2: =_xlfn.CONCAT(B2,"-",D2) -> Ritesh-Electronics
A3: 1355 | B3: Arjun | C3: Nashik | D3: Electronics | E3: Laptop | F3: 18 | G3: 35997 | H3: 2 | I3: 46024 | J3: 46031 | K3: Suresh | L3: =_xlfn.CONCAT(B3,"-",D3) -> Arjun-Electronics
A4: 1060 | B4: Ajay | C4: Nashik | D4: Furniture | E4: Bookshelf | F4: 9 | G4: 9727 | H4: 2 | I4: 46024 | J4: 46030 | K4: Amit | L4: =_xlfn.CONCAT(B4,"-",D4) -> Ajay-Furniture
A5: 1151 | B5: Kiran | C5: Pune | D5: Stationery | E5: Marker | F5: 20 | G5: 272 | H5: 15 | I5: 46024 | J5: 46029 | K5: Suresh | L5: =_xlfn.CONCAT(B5,"-",D5) -> Kiran-Stationery
A6: 1132 | B6: Ritesh | C6: Kolhapur | D6: Stationery | E6: Marker | F6: 10 | G6: 270 | H6: 7 | I6: 46024 | J6: 46034 | K6: Rahul | L6: =_xlfn.CONCAT(B6,"-",D6) -> Ritesh-Stationery
A7: 1352 | B7: Manoj | C7: Satara | D7: Stationery | E7: Notebook | F7: 12 | G7: 203 | H7: 5 | I7: 46024 | J7: 46033 | K7: Kavya | L7: =_xlfn.CONCAT(B7,"-",D7) -> Manoj-Stationery
A8: 1156 | B8: Manoj | C8: Mumbai | D8: Stationery | E8: Stapler | F8: 5 | G8: 466 | H8: 15 | I8: 46025 | J8: 46029 | K8: Kavya | L8: =_xlfn.CONCAT(B8,"-",D8) -> Manoj-Stationery
A9: 1341 | B9: Sara | C9: Mumbai | D9: Furniture | E9: Desk | F9: 19 | G9: 6488 | H9: 15 | I9: 46026 | J9: 46030 | K9: Amit | L9: =_xlfn.CONCAT(B9,"-",D9) -> Sara-Furniture
A10: 1351 | B10: Nisha | C10: Nagpur | D10: Electronics | E10: Monitor | F10: 12 | G10: 1272 | H10: 0 | I10: 46026 | J10: 46029 | K10: Kavya | L10: =_xlfn.CONCAT(B10,"-",D10) -> Nisha-Electronics
A11: 1229 | B11: Sara | C11: Nashik | D11: Furniture | E11: Cabinet | F11: 14 | G11: 5859 | H11: 12 | I11: 46027 | J11: 46036 | K11: Amit | L11: =_xlfn.CONCAT(B11,"-",D11) -> Sara-Furniture
A12: 1100 | B12: Ritesh | C12: Kolhapur | D12: Stationery | E12: Notebook | F12: 11 | G12: 296 | H12: 10 | I12: 46027 | J12: 46031 | K12: Suresh | L12: =_xlfn.CONCAT(B12,"-",D12) -> Ritesh-Stationery
A13: 1301 | B13: Manoj | C13: Solapur | D13: Furniture | E13: Chair | F13: 3 | G13: 7020 | H13: 10 | I13: 46028 | J13: 46038 | K13: Rahul | L13: =_xlfn.CONCAT(B13,"-",D13) -> Manoj-Furniture
... A401: 1219 | B401: Kiran | C401: Satara | D401: Stationery | E401: Notebook | F401: 4 | G401: 117 | H401: 15 | I401: 46202 | J401: 46206 | K401: Priya | L401: =_xlfn.CONCAT(B401,"-",D401) -> Kiran-Stationery

Sheet Q10
A1: Order_ID | B1: Customer | C1: City | D1: Category | E1: Product | F1: Quantity | G1: Unit_Price | H1: Discount_% | I1: Order_Date | J1: Delivery_Date | K1: Salesperson | L1: Customer Code | M1: Product_Code | N1: Short Product Name
A2: 1019 | B2: Ritesh | C2: Pune | D2: Electronics | E2: Headset | F2: 18 | G2: 45652 | H2: 10 | I2: 46023 | J2: 46030 | K2: Amit | L2: =LEFT(B2,3)&A2 -> Rit1019 | M2: =LEFT(E2,3)&RIGHT(E2,2) -> Heaet | N2: =MID(E2,2,4) -> eads
A3: 1355 | B3: Arjun | C3: Nashik | D3: Electronics | E3: Laptop | F3: 18 | G3: 35997 | H3: 2 | I3: 46024 | J3: 46031 | K3: Suresh | L3: =LEFT(B3,3)&A3 -> Arj1355 | M3: =LEFT(E3,3)&RIGHT(E3,2) -> Lapop | N3: =MID(E3,2,4) -> apto
A4: 1060 | B4: Ajay | C4: Nashik | D4: Furniture | E4: Bookshelf | F4: 9 | G4: 9727 | H4: 2 | I4: 46024 | J4: 46030 | K4: Amit | L4: =LEFT(B4,3)&A4 -> Aja1060 | M4: =LEFT(E4,3)&RIGHT(E4,2) -> Boolf | N4: =MID(E4,2,4) -> ooks
A5: 1151 | B5: Kiran | C5: Pune | D5: Stationery | E5: Marker | F5: 20 | G5: 272 | H5: 15 | I5: 46024 | J5: 46029 | K5: Suresh | L5: =LEFT(B5,3)&A5 -> Kir1151 | M5: =LEFT(E5,3)&RIGHT(E5,2) -> Marer | N5: =MID(E5,2,4) -> arke
A6: 1132 | B6: Ritesh | C6: Kolhapur | D6: Stationery | E6: Marker | F6: 10 | G6: 270 | H6: 7 | I6: 46024 | J6: 46034 | K6: Rahul | L6: =LEFT(B6,3)&A6 -> Rit1132 | M6: =LEFT(E6,3)&RIGHT(E6,2) -> Marer | N6: =MID(E6,2,4) -> arke
A7: 1352 | B7: Manoj | C7: Satara | D7: Stationery | E7: Notebook | F7: 12 | G7: 203 | H7: 5 | I7: 46024 | J7: 46033 | K7: Kavya | L7: =LEFT(B7,3)&A7 -> Man1352 | M7: =LEFT(E7,3)&RIGHT(E7,2) -> Notok | N7: =MID(E7,2,4) -> oteb
A8: 1156 | B8: Manoj | C8: Mumbai | D8: Stationery | E8: Stapler | F8: 5 | G8: 466 | H8: 15 | I8: 46025 | J8: 46029 | K8: Kavya | L8: =LEFT(B8,3)&A8 -> Man1156 | M8: =LEFT(E8,3)&RIGHT(E8,2) -> Staer | N8: =MID(E8,2,4) -> tapl
A9: 1341 | B9: Sara | C9: Mumbai | D9: Furniture | E9: Desk | F9: 19 | G9: 6488 | H9: 15 | I9: 46026 | J9: 46030 | K9: Amit | L9: =LEFT(B9,3)&A9 -> Sar1341 | M9: =LEFT(E9,3)&RIGHT(E9,2) -> Dessk | N9: =MID(E9,2,4) -> esk
A10: 1351 | B10: Nisha | C10: Nagpur | D10: Electronics | E10: Monitor | F10: 12 | G10: 1272 | H10: 0 | I10: 46026 | J10: 46029 | K10: Kavya | L10: =LEFT(B10,3)&A10 -> Nis1351 | M10: =LEFT(E10,3)&RIGHT(E10,2) -> Monor | N10: =MID(E10,2,4) -> onit
A11: 1229 | B11: Sara | C11: Nashik | D11: Furniture | E11: Cabinet | F11: 14 | G11: 5859 | H11: 12 | I11: 46027 | J11: 46036 | K11: Amit | L11: =LEFT(B11,3)&A11 -> Sar1229 | M11: =LEFT(E11,3)&RIGHT(E11,2) -> Cabet | N11: =MID(E11,2,4) -> abin
A12: 1100 | B12: Ritesh | C12: Kolhapur | D12: Stationery | E12: Notebook | F12: 11 | G12: 296 | H12: 10 | I12: 46027 | J12: 46031 | K12: Suresh | L12: =LEFT(B12,3)&A12 -> Rit1100 | M12: =LEFT(E12,3)&RIGHT(E12,2) -> Notok | N12: =MID(E12,2,4) -> oteb
A13: 1301 | B13: Manoj | C13: Solapur | D13: Furniture | E13: Chair | F13: 3 | G13: 7020 | H13: 10 | I13: 46028 | J13: 46038 | K13: Rahul | L13: =LEFT(B13,3)&A13 -> Man1301 | M13: =LEFT(E13,3)&RIGHT(E13,2) -> Chair | N13: =MID(E13,2,4) -> hair
... A401: 1219 | B401: Kiran | C401: Satara | D401: Stationery | E401: Notebook | F401: 4 | G401: 117 | H401: 15 | I401: 46202 | J401: 46206 | K401: Priya | L401: =LEFT(B401,3)&A401 -> Kir1219 | M401: =LEFT(E401,3)&RIGHT(E401,2) -> Notok | N401: =MID(E401,2,4) -> oteb

Sheet Q11
A1: Order_ID | B1: Customer | C1: City | D1: Category | E1: Product | F1: Quantity | G1: Unit_Price | H1: Discount_% | I1: Order_Date | J1: Delivery_Date | K1: Salesperson | L1: Customer Name (Upper Case) | M1: Product Name (Lower Case) | N1: Product Name (lenth)
A2: 1019 | B2: Ritesh | C2: Pune | D2: Electronics | E2: Headset | F2: 18 | G2: 45652 | H2: 10 | I2: 46023 | J2: 46030 | K2: Amit | L2: =UPPER(B2) -> RITESH | M2: =LOWER(E2) -> headset | N2: =LEN(E2) -> 7
A3: 1355 | B3: Arjun | C3: Nashik | D3: Electronics | E3: Laptop | F3: 18 | G3: 35997 | H3: 2 | I3: 46024 | J3: 46031 | K3: Suresh | L3: =UPPER(B3) -> ARJUN | M3: =LOWER(E3) -> laptop | N3: =LEN(E3) -> 6
A4: 1060 | B4: Ajay | C4: Nashik | D4: Furniture | E4: Bookshelf | F4: 9 | G4: 9727 | H4: 2 | I4: 46024 | J4: 46030 | K4: Amit | L4: =UPPER(B4) -> AJAY | M4: =LOWER(E4) -> bookshelf | N4: =LEN(E4) -> 9
A5: 1151 | B5: Kiran | C5: Pune | D5: Stationery | E5: Marker | F5: 20 | G5: 272 | H5: 15 | I5: 46024 | J5: 46029 | K5: Suresh | L5: =UPPER(B5) -> KIRAN | M5: =LOWER(E5) -> marker | N5: =LEN(E5) -> 6
A6: 1132 | B6: Ritesh | C6: Kolhapur | D6: Stationery | E6: Marker | F6: 10 | G6: 270 | H6: 7 | I6: 46024 | J6: 46034 | K6: Rahul | L6: =UPPER(B6) -> RITESH | M6: =LOWER(E6) -> marker | N6: =LEN(E6) -> 6
A7: 1352 | B7: Manoj | C7: Satara | D7: Stationery | E7: Notebook | F7: 12 | G7: 203 | H7: 5 | I7: 46024 | J7: 46033 | K7: Kavya | L7: =UPPER(B7) -> MANOJ | M7: =LOWER(E7) -> notebook | N7: =LEN(E7) -> 8
A8: 1156 | B8: Manoj | C8: Mumbai | D8: Stationery | E8: Stapler | F8: 5 | G8: 466 | H8: 15 | I8: 46025 | J8: 46029 | K8: Kavya | L8: =UPPER(B8) -> MANOJ | M8: =LOWER(E8) -> stapler | N8: =LEN(E8) -> 7
A9: 1341 | B9: Sara | C9: Mumbai | D9: Furniture | E9: Desk | F9: 19 | G9: 6488 | H9: 15 | I9: 46026 | J9: 46030 | K9: Amit | L9: =UPPER(B9) -> SARA | M9: =LOWER(E9) -> desk | N9: =LEN(E9) -> 4
A10: 1351 | B10: Nisha | C10: Nagpur | D10: Electronics | E10: Monitor | F10: 12 | G10: 1272 | H10: 0 | I10: 46026 | J10: 46029 | K10: Kavya | L10: =UPPER(B10) -> NISHA | M10: =LOWER(E10) -> monitor | N10: =LEN(E10) -> 7
A11: 1229 | B11: Sara | C11: Nashik | D11: Furniture | E11: Cabinet | F11: 14 | G11: 5859 | H11: 12 | I11: 46027 | J11: 46036 | K11: Amit | L11: =UPPER(B11) -> SARA | M11: =LOWER(E11) -> cabinet | N11: =LEN(E11) -> 7
A12: 1100 | B12: Ritesh | C12: Kolhapur | D12: Stationery | E12: Notebook | F12: 11 | G12: 296 | H12: 10 | I12: 46027 | J12: 46031 | K12: Suresh | L12: =UPPER(B12) -> RITESH | M12: =LOWER(E12) -> notebook | N12: =LEN(E12) -> 8
A13: 1301 | B13: Manoj | C13: Solapur | D13: Furniture | E13: Chair | F13: 3 | G13: 7020 | H13: 10 | I13: 46028 | J13: 46038 | K13: Rahul | L13: =UPPER(B13) -> MANOJ | M13: =LOWER(E13) -> chair | N13: =LEN(E13) -> 5
... A401: 1219 | B401: Kiran | C401: Satara | D401: Stationery | E401: Notebook | F401: 4 | G401: 117 | H401: 15 | I401: 46202 | J401: 46206 | K401: Priya | L401: =UPPER(B401) -> KIRAN | M401: =LOWER(E401) -> notebook | N401: =LEN(E401) -> 8

Sheet Q12
A1: Order_ID | B1: Customer | C1: City | D1: Category | E1: Product | F1: Quantity | G1: Unit_Price | H1: Discount_% | I1: Order_Date | J1: Delivery_Date | K1: Salesperson | L1: Delivery_Days | M1: FY_START_DATE | N1: Current Date | O1: Current Date & Time
A2: 1019 | B2: Ritesh | C2: Pune | D2: Electronics | E2: Headset | F2: 18 | G2: 45652 | H2: 10 | I2: 46023 | J2: 46030 | K2: Amit | L2: =J2-I2 -> 7 | N2: =TODAY() -> 46311 | O2: =NOW() -> 46311.5
A3: 1355 | B3: Arjun | C3: Nashik | D3: Electronics | E3: Laptop | F3: 18 | G3: 35997 | H3: 2 | I3: 46024 | J3: 46031 | K3: Suresh | L3: =J3-I3 -> 7
A4: 1060 | B4: Ajay | C4: Nashik | D4: Furniture | E4: Bookshelf | F4: 9 | G4: 9727 | H4: 2 | I4: 46024 | J4: 46030 | K4: Amit | L4: =J4-I4 -> 6
A5: 1151 | B5: Kiran | C5: Pune | D5: Stationery | E5: Marker | F5: 20 | G5: 272 | H5: 15 | I5: 46024 | J5: 46029 | K5: Suresh | L5: =J5-I5 -> 5
A6: 1132 | B6: Ritesh | C6: Kolhapur | D6: Stationery | E6: Marker | F6: 10 | G6: 270 | H6: 7 | I6: 46024 | J6: 46034 | K6: Rahul | L6: =J6-I6 -> 10
A7: 1352 | B7: Manoj | C7: Satara | D7: Stationery | E7: Notebook | F7: 12 | G7: 203 | H7: 5 | I7: 46024 | J7: 46033 | K7: Kavya | L7: =J7-I7 -> 9
A8: 1156 | B8: Manoj | C8: Mumbai | D8: Stationery | E8: Stapler | F8: 5 | G8: 466 | H8: 15 | I8: 46025 | J8: 46029 | K8: Kavya | L8: =J8-I8 -> 4
A9: 1341 | B9: Sara | C9: Mumbai | D9: Furniture | E9: Desk | F9: 19 | G9: 6488 | H9: 15 | I9: 46026 | J9: 46030 | K9: Amit | L9: =J9-I9 -> 4
A10: 1351 | B10: Nisha | C10: Nagpur | D10: Electronics | E10: Monitor | F10: 12 | G10: 1272 | H10: 0 | I10: 46026 | J10: 46029 | K10: Kavya | L10: =J10-I10 -> 3
A11: 1229 | B11: Sara | C11: Nashik | D11: Furniture | E11: Cabinet | F11: 14 | G11: 5859 | H11: 12 | I11: 46027 | J11: 46036 | K11: Amit | L11: =J11-I11 -> 9
A12: 1100 | B12: Ritesh | C12: Kolhapur | D12: Stationery | E12: Notebook | F12: 11 | G12: 296 | H12: 10 | I12: 46027 | J12: 46031 | K12: Suresh | L12: =J12-I12 -> 4
A13: 1301 | B13: Manoj | C13: Solapur | D13: Furniture | E13: Chair | F13: 3 | G13: 7020 | H13: 10 | I13: 46028 | J13: 46038 | K13: Rahul | L13: =J13-I13 -> 10
A14: 1148 | B14: Anita | C14: Nagpur | D14: Furniture | E14: Chair | F14: 11 | G14: 3023 | H14: 7 | I14: 46030 | J14: 46032 | K14: Rahul | L14: =J14-I14 -> 2
... A401: 1219 | B401: Kiran | C401: Satara | D401: Stationery | E401: Notebook | F401: 4 | G401: 117 | H401: 15 | I401: 46202 | J401: 46206 | K401: Priya | L401: =J401-I401 -> 4

Sheet Q13
A1: Order_ID | B1: Customer | C1: City | D1: Category | E1: Product | F1: Quantity | G1: Unit_Price | H1: Discount_% | I1: Order_Date | J1: Delivery_Date | K1: Salesperson | L1: Total_sales
A2: 1019 | B2: Ritesh | C2: Pune | D2: Electronics | E2: Headset | F2: 18 | G2: 45652 | H2: 10 | I2: 46023 | J2: 46030 | K2: Amit | L2: =(F2*G2)*H2/100 -> 82173.6
A3: 1355 | B3: Arjun | C3: Nashik | D3: Electronics | E3: Laptop | F3: 18 | G3: 35997 | H3: 2 | I3: 46024 | J3: 46031 | K3: Suresh | L3: =(F3*G3)*H3/100 -> 12958.92
A4: 1060 | B4: Ajay | C4: Nashik | D4: Furniture | E4: Bookshelf | F4: 9 | G4: 9727 | H4: 2 | I4: 46024 | J4: 46030 | K4: Amit | L4: =(F4*G4)*H4/100 -> 1750.86
A5: 1151 | B5: Kiran | C5: Pune | D5: Stationery | E5: Marker | F5: 20 | G5: 272 | H5: 15 | I5: 46024 | J5: 46029 | K5: Suresh | L5: =(F5*G5)*H5/100 -> 816
A6: 1132 | B6: Ritesh | C6: Kolhapur | D6: Stationery | E6: Marker | F6: 10 | G6: 270 | H6: 7 | I6: 46024 | J6: 46034 | K6: Rahul | L6: =(F6*G6)*H6/100 -> 189
A7: 1352 | B7: Manoj | C7: Satara | D7: Stationery | E7: Notebook | F7: 12 | G7: 203 | H7: 5 | I7: 46024 | J7: 46033 | K7: Kavya | L7: =(F7*G7)*H7/100 -> 121.8
A8: 1156 | B8: Manoj | C8: Mumbai | D8: Stationery | E8: Stapler | F8: 5 | G8: 466 | H8: 15 | I8: 46025 | J8: 46029 | K8: Kavya | L8: =(F8*G8)*H8/100 -> 349.5
A9: 1341 | B9: Sara | C9: Mumbai | D9: Furniture | E9: Desk | F9: 19 | G9: 6488 | H9: 15 | I9: 46026 | J9: 46030 | K9: Amit | L9: =(F9*G9)*H9/100 -> 18490.8
A10: 1351 | B10: Nisha | C10: Nagpur | D10: Electronics | E10: Monitor | F10: 12 | G10: 1272 | H10: 0 | I10: 46026 | J10: 46029 | K10: Kavya | L10: =(F10*G10)*H10/100 -> 0
A11: 1229 | B11: Sara | C11: Nashik | D11: Furniture | E11: Cabinet | F11: 14 | G11: 5859 | H11: 12 | I11: 46027 | J11: 46036 | K11: Amit | L11: =(F11*G11)*H11/100 -> 9843.12
A12: 1100 | B12: Ritesh | C12: Kolhapur | D12: Stationery | E12: Notebook | F12: 11 | G12: 296 | H12: 10 | I12: 46027 | J12: 46031 | K12: Suresh | L12: =(F12*G12)*H12/100 -> 325.6
A13: 1301 | B13: Manoj | C13: Solapur | D13: Furniture | E13: Chair | F13: 3 | G13: 7020 | H13: 10 | I13: 46028 | J13: 46038 | K13: Rahul | L13: =(F13*G13)*H13/100 -> 2106
... A401: 1219 | B401: Kiran | C401: Satara | D401: Stationery | E401: Notebook | F401: 4 | G401: 117 | H401: 15 | I401: 46202 | J401: 46206 | K401: Priya | L401: =(F401*G401)*H401/100 -> 70.2

Sheet Q14
A1: Order_ID | B1: Customer | C1: City | D1: Category | E1: Product | F1: Quantity | G1: Unit_Price | H1: Discount_% | I1: Order_Date | J1: Delivery_Date | K1: Salesperson | L1: Final Amount | N1: Highest Final Amount with Customer
A2: 1245 | B2: Sneha | C2: Pune | D2: Electronics | E2: Headset | F2: 19 | G2: 69029 | H2: 7 | I2: 46176 | J2: 46179 | K2: Priya | L2: =F2*G2*(1-H2/100) -> 1219742.4 | N2: =_xlfn.XLOOKUP(MAX(L2:L400), L2:L400, B2:B400) & " - " & MAX(L2:L400) -> Sneha - 1219742.43
A3: 1090 | B3: Ajay | C3: Kolhapur | D3: Electronics | E3: Monitor | F3: 19 | G3: 66139 | H3: 5 | I3: 46088 | J3: 46095 | K3: Rahul | L3: =F3*G3*(1-H3/100) -> 1193808.9
A4: 1072 | B4: Pooja | C4: Aurangabad | D4: Electronics | E4: Mouse | F4: 20 | G4: 58779 | H4: 0 | I4: 46035 | J4: 46036 | K4: Rahul | L4: =F4*G4*(1-H4/100) -> 1175580
A5: 1349 | B5: Deepak | C5: Nagpur | D5: Electronics | E5: Printer | F5: 20 | G5: 62721 | H5: 7 | I5: 46079 | J5: 46083 | K5: Amit | L5: =F5*G5*(1-H5/100) -> 1166610.6 | N5: Highest Number of Order with city
A6: 1375 | B6: Kiran | C6: Pune | D6: Electronics | E6: Monitor | F6: 20 | G6: 56766 | H6: 0 | I6: 46052 | J6: 46061 | K6: Rahul | L6: =F6*G6*(1-H6/100) -> 1135320 | N6: =_xlfn.XLOOKUP(MAX(F2:F400),F2:F400,C2:C400)&"-"&MAX(F2:F400) -> Aurangabad-20
A7: 1187 | B7: Manoj | C7: Satara | D7: Electronics | E7: Monitor | F7: 18 | G7: 68527 | H7: 12 | I7: 46178 | J7: 46184 | K7: Suresh | L7: =F7*G7*(1-H7/100) -> 1085467.7
A8: 1279 | B8: Sneha | C8: Nagpur | D8: Electronics | E8: Monitor | F8: 20 | G8: 49042 | H8: 2 | I8: 46124 | J8: 46126 | K8: Kavya | L8: =F8*G8*(1-H8/100) -> 961223.2
A9: 1135 | B9: Ajay | C9: Pune | D9: Electronics | E9: Keyboard | F9: 14 | G9: 68534 | H9: 0 | I9: 46041 | J9: 46042 | K9: Kavya | L9: =F9*G9*(1-H9/100) -> 959476
A10: 1061 | B10: Sara | C10: Nashik | D10: Electronics | E10: Headset | F10: 16 | G10: 59084 | H10: 0 | I10: 46060 | J10: 46069 | K10: Amit | L10: =F10*G10*(1-H10/100) -> 945344
A11: 1260 | B11: Manoj | C11: Mumbai | D11: Electronics | E11: Headset | F11: 19 | G11: 54981 | H11: 10 | I11: 46040 | J11: 46045 | K11: Priya | L11: =F11*G11*(1-H11/100) -> 940175.1
A12: 1270 | B12: Ajay | C12: Pune | D12: Electronics | E12: Printer | F12: 16 | G12: 62941 | H12: 7 | I12: 46135 | J12: 46141 | K12: Suresh | L12: =F12*G12*(1-H12/100) -> 936562.08
A13: 1319 | B13: Meera | C13: Solapur | D13: Electronics | E13: Mouse | F13: 17 | G13: 58407 | H13: 7 | I13: 46094 | J13: 46102 | K13: Kavya | L13: =F13*G13*(1-H13/100) -> 923414.67
A14: 1251 | B14: Sneha | C14: Mumbai | D14: Electronics | E14: Mouse | F14: 19 | G14: 48548 | H14: 0 | I14: 46112 | J14: 46121 | K14: Suresh | L14: =F14*G14*(1-H14/100) -> 922412
A15: 1200 | B15: Priya | C15: Kolhapur | D15: Electronics | E15: Monitor | F15: 13 | G15: 69422 | H15: 0 | I15: 46134 | J15: 46143 | K15: Priya | L15: =F15*G15*(1-H15/100) -> 902486
A16: 1014 | B16: Deepak | C16: Solapur | D16: Electronics | E16: Headset | F16: 19 | G16: 53683 | H16: 12 | I16: 46129 | J16: 46134 | K16: Priya | L16: =F16*G16*(1-H16/100) -> 897579.76
A17: 1253 | B17: Meera | C17: Kolhapur | D17: Electronics | E17: Monitor | F17: 20 | G17: 47880 | H17: 7 | I17: 46074 | J17: 46075 | K17: Priya | L17: =F17*G17*(1-H17/100) -> 890568
A18: 1043 | B18: Ajay | C18: Mumbai | D18: Electronics | E18: Printer | F18: 20 | G18: 46093 | H18: 5 | I18: 46091 | J18: 46098 | K18: Priya | L18: =F18*G18*(1-H18/100) -> 875767
... A401: 1267 | B401: Arjun | C401: Mumbai | D401: Stationery | E401: Marker | F401: 1 | G401: 50 | H401: 0 | I401: 46129 | J401: 46138 | K401: Amit | L401: =F401*G401*(1-H401/100) -> 50
