Workbook

Sheet Dataset
A1: OrderID | B1: CustomerName | C1: Region | D1: Product | E1: Quantity | F1: UnitPrice | G1: OrderDate
A2: 4001 | B2: Amit Sharma | C2: North | D2: Notebook | E2: 10 | F2: 50 | G2: 45292
A3: 4002 | B3: Neha Verma | C3: South | D3: Pen | E3: 20 | F3: 10 | G3: 45293
A4: 4003 | B4: Rahul Singh | C4: East | D4: Marker | E4: 15 | F4: 25 | G4: 45294
A5: 4004 | B5: Pooja Mehta | C5: West | D5: Notebook | E5: 5 | F5: 50 | G5: 45295
A6: 4005 | B6: Ankit Jain | C6: North | D6: Pencil | E6: 30 | F6: 5 | G6: 45296
A7: 4006 | B7: Sneha Patel | C7: South | D7: Notebook | E7: 12 | F7: 50 | G7: 45297
A8: 4007 | B8: Vikas Gupta | C8: East | D8: Eraser | E8: 25 | F8: 8 | G8: 45298
A9: 4008 | B9: Meera Nair | C9: West | D9: Pen | E9: 18 | F9: 10 | G9: 45299
A10: 4009 | B10: Anjali Rao | C10: North | D10: Marker | E10: 22 | F10: 25 | G10: 45300
A11: 4010 | B11: Manoj Das | C11: South | D11: Notebook | E11: 8 | F11: 50 | G11: 45301
A12: 4011 | B12: Ritika Sen | C12: East | D12: Pencil | E12: 40 | F12: 5 | G12: 45302
A13: 4012 | B13: Karan Malhotra | C13: West | D13: Eraser | E13: 35 | F13: 8 | G13: 45303
... A71: 4070 | B71: Simran Kaur | C71: West | D71: Eraser | E71: 24 | F71: 8 | G71: 45361

Sheet Q1&Q2
A1: OrderID | B1: CustomerName | C1: Region | D1: Product | E1: Quantity | F1: UnitPrice | G1: OrderDate | H1: Total_sales
A2: 4001 | B2: Amit Sharma | C2: North | D2: Notebook | E2: 10 | F2: 50 | G2: 45292 | H2: =E2*F2 -> 500
A3: 4002 | B3: Neha Verma | C3: South | D3: Pen | E3: 20 | F3: 10 | G3: 45293 | H3: =E3*F3 -> 200
A4: 4003 | B4: Rahul Singh | C4: East | D4: Marker | E4: 15 | F4: 25 | G4: 45294 | H4: =E4*F4 -> 375
A5: 4004 | B5: Pooja Mehta | C5: West | D5: Notebook | E5: 5 | F5: 50 | G5: 45295 | H5: =E5*F5 -> 250
A6: 4005 | B6: Ankit Jain | C6: North | D6: Pencil | E6: 30 | F6: 5 | G6: 45296 | H6: =E6*F6 -> 150
A7: 4006 | B7: Sneha Patel | C7: South | D7: Notebook | E7: 12 | F7: 50 | G7: 45297 | H7: =E7*F7 -> 600
A8: 4007 | B8: Vikas Gupta | C8: East | D8: Eraser | E8: 25 | F8: 8 | G8: 45298 | H8: =E8*F8 -> 200
A9: 4008 | B9: Meera Nair | C9: West | D9: Pen | E9: 18 | F9: 10 | G9: 45299 | H9: =E9*F9 -> 180
A10: 4009 | B10: Anjali Rao | C10: North | D10: Marker | E10: 22 | F10: 25 | G10: 45300 | H10: =E10*F10 -> 550
A11: 4010 | B11: Manoj Das | C11: South | D11: Notebook | E11: 8 | F11: 50 | G11: 45301 | H11: =E11*F11 -> 400
A12: 4011 | B12: Ritika Sen | C12: East | D12: Pencil | E12: 40 | F12: 5 | G12: 45302 | H12: =E12*F12 -> 200
A13: 4012 | B13: Karan Malhotra | C13: West | D13: Eraser | E13: 35 | F13: 8 | G13: 45303 | H13: =E13*F13 -> 280
... A71: 4070 | B71: Simran Kaur | C71: West | D71: Eraser | E71: 24 | F71: 8 | G71: 45361 | H71: =E71*F71 -> 192

Sheet Sheet9
A1: OrderID | B1: CustomerName | C1: Region | D1: Product | E1: Quantity | F1: UnitPrice | G1: OrderDate | H1: Total_sales
A2: 4057 | B2: Vikas Gupta | C2: East | D2: Notebook | E2: 20 | F2: 50 | G2: 45348 | H2: =E2*F2 -> 1000
A3: 4066 | B3: Muskan Jain | C3: West | D3: Notebook | E3: 18 | F3: 50 | G3: 45357 | H3: =E3*F3 -> 900
A4: 4034 | B4: Swati Arora | C4: South | D4: Notebook | E4: 17 | F4: 50 | G4: 45325 | H4: =E4*F4 -> 850
A5: 4039 | B5: Ayesha Khan | C5: East | D5: Notebook | E5: 16 | F5: 50 | G5: 45330 | H5: =E5*F5 -> 800
A6: 4013 | B6: Aryan Joshi | C6: North | D6: Notebook | E6: 14 | F6: 50 | G6: 45304 | H6: =E6*F6 -> 700
A7: 4044 | B7: Yash Arora | C7: West | D7: Notebook | E7: 14 | F7: 50 | G7: 45335 | H7: =E7*F7 -> 700
A8: 4052 | B8: Neha Verma | C8: South | D8: Notebook | E8: 14 | F8: 50 | G8: 45343 | H8: =E8*F8 -> 700
A9: 4029 | B9: Anurag Mishra | C9: North | D9: Notebook | E9: 13 | F9: 50 | G9: 45320 | H9: =E9*F9 -> 650
A10: 4006 | B10: Sneha Patel | C10: South | D10: Notebook | E10: 12 | F10: 50 | G10: 45297 | H10: =E10*F10 -> 600
A11: 4049 | B11: Ritika Jain | C11: North | D11: Notebook | E11: 12 | F11: 50 | G11: 45340 | H11: =E11*F11 -> 600
A12: 4061 | B12: Ritika Sen | C12: East | D12: Notebook | E12: 12 | F12: 50 | G12: 45352 | H12: =E12*F12 -> 600
A13: 4009 | B13: Anjali Rao | C13: North | D13: Marker | E13: 22 | F13: 25 | G13: 45300 | H13: =E13*F13 -> 550
... A71: 4032 | B71: Kajal Rani | C71: West | D71: Pencil | E71: 18 | F71: 5 | G71: 45323 | H71: =E71*F71 -> 90

Sheet Q3
A1: Total_Quantity | B1: Avg_Quantity | C1: Max_Quantity | D1: Min_Quantity
A2: =SUM(Dataset!$E$2:$E$71) -> 1430 | B2: =AVERAGE(Dataset!$E$2:$E$71) -> 20.428571 | C2: =MAX(Dataset!$E$2:$E$71) -> 40 | D2: =MIN(Dataset!$E$2:$E$71) -> 5

Sheet Q4.Sorted_Data
A1: OrderID | B1: CustomerName | C1: Region | D1: Product | E1: Quantity | F1: UnitPrice | G1: OrderDate | H1: Total_sales
A2: 4007 | B2: Vikas Gupta | C2: East | D2: Eraser | E2: 25 | F2: 8 | G2: 45298 | H2: =E2*F2 -> 200
A3: 4023 | B3: Aditya Singh | C3: East | D3: Eraser | E3: 30 | F3: 8 | G3: 45314 | H3: =E3*F3 -> 240
A4: 4043 | B4: Shruti Sharma | C4: East | D4: Eraser | E4: 26 | F4: 8 | G4: 45334 | H4: =E4*F4 -> 208
A5: 4065 | B5: Sahil Arora | C5: East | D5: Eraser | E5: 26 | F5: 8 | G5: 45356 | H5: =E5*F5 -> 208
A6: 4003 | B6: Rahul Singh | C6: East | D6: Marker | E6: 15 | F6: 25 | G6: 45294 | H6: =E6*F6 -> 375
A7: 4015 | B7: Sahil Arora | C7: East | D7: Marker | E7: 12 | F7: 25 | G7: 45306 | H7: =E7*F7 -> 300
A8: 4031 | B8: Harsh Yadav | C8: East | D8: Marker | E8: 10 | F8: 25 | G8: 45322 | H8: =E8*F8 -> 250
A9: 4039 | B9: Ayesha Khan | C9: East | D9: Notebook | E9: 16 | F9: 50 | G9: 45330 | H9: =E9*F9 -> 800
A10: 4057 | B10: Vikas Gupta | C10: East | D10: Notebook | E10: 20 | F10: 50 | G10: 45348 | H10: =E10*F10 -> 1000
A11: 4061 | B11: Ritika Sen | C11: East | D11: Notebook | E11: 12 | F11: 50 | G11: 45352 | H11: =E11*F11 -> 600
A12: 4019 | B12: Tarun Verma | C12: East | D12: Pen | E12: 15 | F12: 10 | G12: 45310 | H12: =E12*F12 -> 150
A13: 4035 | B13: Akhil Jain | C13: East | D13: Pen | E13: 19 | F13: 10 | G13: 45326 | H13: =E13*F13 -> 190
... A71: 4054 | B71: Pooja Mehta | C71: West | D71: Pencil | E71: 26 | F71: 5 | G71: 45345 | H71: =E71*F71 -> 130

Sheet Q5.Filtered_data
A1: OrderID | B1: CustomerName | C1: Region | D1: Product | E1: Quantity | F1: UnitPrice | G1: OrderDate | H1: Total_sales
A2: 4001 | B2: Amit Sharma | C2: North | D2: Notebook | E2: 10 | F2: 50 | G2: 45292 | H2: 500
A3: 4018 | B3: Nidhi Sharma | C3: South | D3: Notebook | E3: 10 | F3: 50 | G3: 45309 | H3: 500

Sheet Q6.Count_orders
A1: OrderID | B1: CustomerName | C1: Region | D1: Product | E1: Quantity | F1: UnitPrice | G1: OrderDate | H1: Total_sales
A2: 4001 | B2: Amit Sharma | C2: North | D2: Notebook | E2: 10 | F2: 50 | G2: 45292 | H2: =E2*F2 -> 500 | K2: Total Number of Orders -: | N2: =COUNT(A2:A71) -> 70
A3: 4002 | B3: Neha Verma | C3: South | D3: Pen | E3: 20 | F3: 10 | G3: 45293 | H3: =E3*F3 -> 200
A4: 4003 | B4: Rahul Singh | C4: East | D4: Marker | E4: 15 | F4: 25 | G4: 45294 | H4: =E4*F4 -> 375 | K4: Total Number of Order in North-: | N4: =COUNTIF(C2:C71,"North") -> 18
A5: 4004 | B5: Pooja Mehta | C5: West | D5: Notebook | E5: 5 | F5: 50 | G5: 45295 | H5: =E5*F5 -> 250
A6: 4005 | B6: Ankit Jain | C6: North | D6: Pencil | E6: 30 | F6: 5 | G6: 45296 | H6: =E6*F6 -> 150 | K6: Count Pen Orders in South -: | N6: =COUNTIFS(C2:C71,"South",D2:D71,"Pen") -> 5
A7: 4006 | B7: Sneha Patel | C7: South | D7: Notebook | E7: 12 | F7: 50 | G7: 45297 | H7: =E7*F7 -> 600
A8: 4007 | B8: Vikas Gupta | C8: East | D8: Eraser | E8: 25 | F8: 8 | G8: 45298 | H8: =E8*F8 -> 200
A9: 4008 | B9: Meera Nair | C9: West | D9: Pen | E9: 18 | F9: 10 | G9: 45299 | H9: =E9*F9 -> 180
A10: 4009 | B10: Anjali Rao | C10: North | D10: Marker | E10: 22 | F10: 25 | G10: 45300 | H10: =E10*F10 -> 550
A11: 4010 | B11: Manoj Das | C11: South | D11: Notebook | E11: 8 | F11: 50 | G11: 45301 | H11: =E11*F11 -> 400
A12: 4011 | B12: Ritika Sen | C12: East | D12: Pencil | E12: 40 | F12: 5 | G12: 45302 | H12: =E12*F12 -> 200
A13: 4012 | B13: Karan Malhotra | C13: West | D13: Eraser | E13: 35 | F13: 8 | G13: 45303 | H13: =E13*F13 -> 280
A14: 4013 | B14: Aryan Joshi | C14: North | D14: Notebook | E14: 14 | F14: 50 | G14: 45304 | H14: =E14*F14 -> 700
A15: 4014 | B15: Divya Kapoor | C15: South | D15: Pen | E15: 28 | F15: 10 | G15: 45305 | H15: =E15*F15 -> 280
A16: 4015 | B16: Sahil Arora | C16: East | D16: Marker | E16: 12 | F16: 25 | G16: 45306 | H16: =E16*F16 -> 300
A17: 4016 | B17: Muskan Jain | C17: West | D17: Pencil | E17: 25 | F17: 5 | G17: 45307 | H17: =E17*F17 -> 125
A18: 4017 | B18: Rohan Gupta | C18: North | D18: Eraser | E18: 20 | F18: 8 | G18: 45308 | H18: =E18*F18 -> 160
... A71: 4070 | B71: Simran Kaur | C71: West | D71: Eraser | E71: 24 | F71: 8 | G71: 45361 | H71: =E71*F71 -> 192

Sheet Q7
A1: Region | B1: Total_Quantity | C1: Total_sale
A2: North | B2: =SUMIF('Q4.Sorted_Data'!$C:$C,A2,'Q4.Sorted_Data'!$E:$E) -> 339 | C2: =SUMIF('Q4.Sorted_Data'!$C:$C,'Q7'!A2,'Q4.Sorted_Data'!$H:$H) -> 6285
A3: South | B3: =SUMIF('Q4.Sorted_Data'!$C:$C,A3,'Q4.Sorted_Data'!$E:$E) -> 384 | C3: =SUMIF('Q4.Sorted_Data'!$C:$C,'Q7'!A3,'Q4.Sorted_Data'!$H:$H) -> 6472
A4: East | B4: =SUMIF('Q4.Sorted_Data'!$C:$C,A4,'Q4.Sorted_Data'!$E:$E) -> 361 | C4: =SUMIF('Q4.Sorted_Data'!$C:$C,'Q7'!A4,'Q4.Sorted_Data'!$H:$H) -> 5306
A5: West | B5: =SUMIF('Q4.Sorted_Data'!$C:$C,A5,'Q4.Sorted_Data'!$E:$E) -> 346 | C5: =SUMIF('Q4.Sorted_Data'!$C:$C,'Q7'!A5,'Q4.Sorted_Data'!$H:$H) -> 5519
